symbol,date,open,high,low,close,adjclose,volume,synthetic
AAPL,2026-07-27,334.8999938964844,339.57000732421875,334.0199890136719,336.9100036621094,336.6196844941807,45246885.0,False
AAPL,2026-07-28,340.0299987792969,342.8900146484375,335.6000061035156,340.0799865722656,339.7869357941418,50765695.0,False
AAPL,2026-07-29,339.69000244140625,344.56988525390625,337.35009765625,338.19000244140625,337.89858028402483,48852885.0,False
AAPL,2026-07-30,333.1300048828125,334.75,329.5899963378906,333.42999267578125,333.142672272754,55501839.0,False
AAPL,2026-07-31,304.80999755859375,310.69000244140625,300.0,308.9100036621094,308.6438124114691,127398021.0,False
AAPL,2026-08-03,309.6700134277344,311.79998779296875,302.55999755859375,303.4200134277344,303.1585529638902,71988041.0,False
AAPL,2026-08-04,302.7250061035156,310.4200134277344,301.32000732421875,309.3800048828125,309.1134086267944,67778746.0,False
AAPL,2026-08-05,309.3599853515625,311.70819091796875,305.6700134277344,311.0,310.7320077758321,44330978.0,False
AAPL,2026-08-06,314.3399963378906,316.2893981933594,309.2300109863281,312.4100036621094,312.1407964218081,45392526.0,False
AAPL,2026-08-07,311.32000732421875,314.80999755859375,310.739990234375,313.3299865722656,313.0599865722656,34331108.0,False
AAPL,2026-08-10,306.8299865722656,308.260009765625,304.6300048828125,308.260009765625,308.260009765625,43391681.0,False
AAPL,2026-08-11,307.75,309.9700012207031,302.7900085449219,304.9100036621094,304.9100036621094,34168163.0,False
AAPL,2026-08-12,305.1300048828125,305.6600036621094,300.57000732421875,302.25,302.25,38820559.0,False
AAPL,2026-08-13,304.25799560546875,306.0,302.04998779296875,305.260009765625,305.260009765625,38492546.0,False
AAPL,2026-08-14,306.02801513671875,307.489990234375,304.29998779296875,305.92999267578125,305.92999267578125,26072932.0,False
AAPL,2026-08-17,306.2099914550781,307.6600036621094,302.9389953613281,305.5899963378906,305.5899963378906,32743947.0,False
AAPL,2026-08-18,307.5299987792969,311.489990234375,305.739990234375,310.0299987792969,310.0299987792969,46601840.0,False
AAPL,2026-08-19,310.1300048828125,319.2799072265625,309.6000061035156,316.8299865722656,316.8299865722656,50009121.0,False
AAPL,2026-08-20,317.4549865722656,320.2799987792969,310.6499938964844,311.29998779296875,311.29998779296875,40891451.0,False
AAPL,2026-08-21,312.04998779296875,312.3800048828125,307.010009765625,309.3500061035156,309.3500061035156,42216056.0,False
AAPL,2026-08-24,311.4700012207031,313.3599853515625,309.9700012207031,310.3399963378906,310.3399963378906,34379936.0,False
AAPL,2026-08-25,310.93499755859375,313.5799865722656,308.2099914550781,309.8999938964844,309.8999938964844,25666176.0,False
AAPL,2026-08-26,309.76370926,314.50255145,306.71876894,311.44112236,311.44112236,,True
