symbol,date,open,high,low,close,adjclose,volume,synthetic
TATASTEEL.NS,2026-07-28,184.30999755859375,185.13999938964844,182.00999450683594,182.6300048828125,182.6300048828125,19135253,False
TATASTEEL.NS,2026-07-29,183.5,188.6699981689453,183.0399932861328,187.27000427246094,187.27000427246094,24872418,False
TATASTEEL.NS,2026-07-30,188.00999450683594,188.99000549316406,186.10000610351562,186.9199981689453,186.9199981689453,13769746,False
TATASTEEL.NS,2026-07-31,188.25,191.83999633789062,186.30999755859375,189.69000244140625,189.69000244140625,34249584,False
TATASTEEL.NS,2026-08-03,192.94000244140625,193.5,188.49000549316406,191.0,191.0,27563681,False
TATASTEEL.NS,2026-08-04,190.6999969482422,192.60000610351562,189.0,190.9499969482422,190.9499969482422,22165429,False
TATASTEEL.NS,2026-08-05,192.25,192.99000549316406,189.83999633789062,192.99000549316406,192.99000549316406,22780522,False
TATASTEEL.NS,2026-08-06,193.4499969482422,193.64999389648438,188.99000549316406,189.3000030517578,189.3000030517578,18802510,False
TATASTEEL.NS,2026-08-07,189.41000366210938,189.69000244140625,186.75,187.5500030517578,187.5500030517578,9924021,False
TATASTEEL.NS,2026-08-10,187.55999755859375,192.35000610351562,187.5500030517578,190.24000549316406,190.24000549316406,33338101,False
TATASTEEL.NS,2026-08-11,190.24000549316406,190.55999755859375,186.77999877929688,188.25,188.25,20973262,False
TATASTEEL.NS,2026-08-12,188.35000610351562,188.8800048828125,183.60000610351562,186.1999969482422,186.1999969482422,36484049,False
TATASTEEL.NS,2026-08-13,186.1999969482422,186.66000366210938,183.4600067138672,184.85000610351562,184.85000610351562,19940424,False
TATASTEEL.NS,2026-08-14,184.0,184.19000244140625,180.0,183.5,183.5,16131505,False
TATASTEEL.NS,2026-08-17,183.5,186.35000610351562,182.05999755859375,186.0,186.0,16278106,False
TATASTEEL.NS,2026-08-18,186.33999633789062,187.11000061035156,184.3300018310547,185.5,185.5,13393441,False
TATASTEEL.NS,2026-08-19,184.16000366210938,184.9499969482422,182.5,184.0,184.0,15509632,False
TATASTEEL.NS,2026-08-20,185.0,185.60000610351562,182.9499969482422,183.5,183.5,21782667,False
TATASTEEL.NS,2026-08-21,184.39999389648438,184.94000244140625,182.0,183.0,183.0,26299054,False
TATASTEEL.NS,2026-08-24,184.14999389648438,186.3000030517578,183.05999755859375,186.3000030517578,186.3000030517578,37800944,False
TATASTEEL.NS,2026-08-25,186.3000030517578,187.27000427246094,183.5,186.94000244140625,186.94000244140625,24578020,False
TATASTEEL.NS,2026-08-26,186.49000549316406,189.9499969482422,184.2899932861328,188.00999450683594,188.00999450683594,32199274,False
TATASTEEL.NS,2026-08-27,188.0500030517578,190.25,188.0500030517578,189.72000122070312,189.72000122070312,7306555,False
